Expression,Result
1 - 26,-25.0
1 divide 65,0.0153846153846153
1 divide 35,0.0285714285714285
40 divide 60,0.6666666666666666
1 * 2,2.0
1 subtract 2,-1.0
1 divide 35,0.0285714285714285
5 add 2,7
10 / 5,2
